<resources>

  <!-- Base application theme. -->
  <style name="AppTheme" parent="Theme.MaterialComponents.Light.NoActionBar">
    <!-- Customize your theme here. -->
    <item name="colorPrimary">@color/colorPrimary</item>
    <item name="colorPrimaryDark">@color/colorPrimaryDark</item>
    <item name="colorAccent">@color/colorAccent</item>
  </style>
  <style name="MyTheme.Splash" parent ="Theme.MaterialComponents.Light.NoActionBar">
    <item name="android:windowBackground">@drawable/app_icon</item>
    <item name="android:windowNoTitle">true</item>
    <item name="android:windowFullscreen">true</item>
  </style>
  <style name="FullScreenDialogStyle" parent="Theme.MaterialComponents.Light.NoActionBar">
    <item name="android:windowNoTitle">true</item>
    <item name="colorPrimaryDark">@color/colorPrimaryDark</item>
    <item name="colorPrimary">@color/colorPrimary</item>
    <!-- Set this to true if you want Full Screen without status bar -->
    <item name="android:windowFullscreen">false</item>
    <item name="android:windowIsFloating">false</item>
    <!-- This is important! Don't forget to set window background -->
    <!-- Additionally if you want animations when dialog opening -->
  </style>
</resources>
